[{"model": "admin.logentry", "pk": 1, "fields": {"action_time": "2025-12-12T09:32:46.591Z", "user": 1, "content_type": 8, "object_id": "1", "object_repr": "Diluent", "action_flag": 1, "change_message": "[{\"added\": {}}]"}}, {"model": "admin.logentry", "pk": 2, "fields": {"action_time": "2025-12-12T09:33:30.794Z", "user": 1, "content_type": 8, "object_id": "2", "object_repr": "Whitediff", "action_flag": 1, "change_message": "[{\"added\": {}}]"}}, {"model": "admin.logentry", "pk": 3, "fields": {"action_time": "2025-12-12T09:34:00.763Z", "user": 1, "content_type": 8, "object_id": "3", "object_repr": "Cleaner", "action_flag": 1, "change_message": "[{\"added\": {}}]"}}, {"model": "admin.logentry", "pk": 4, "fields": {"action_time": "2025-12-12T09:34:24.489Z", "user": 1, "content_type": 8, "object_id": "4", "object_repr": "minoclair", "action_flag": 1, "change_message": "[{\"added\": {}}]"}}, {"model": "admin.logentry", "pk": 5, "fields": {"action_time": "2025-12-12T09:35:10.784Z", "user": 1, "content_type": 11, "object_id": "1", "object_repr": "Diluent - 16 packs", "action_flag": 1, "change_message": "[{\"added\": {}}]"}}, {"model": "admin.logentry", "pk": 6, "fields": {"action_time": "2025-12-12T09:36:25.179Z", "user": 1, "content_type": 11, "object_id": "2", "object_repr": "Whitediff - 49 packs", "action_flag": 1, "change_message": "[{\"added\": {}}]"}}, {"model": "admin.logentry", "pk": 7, "fields": {"action_time": "2025-12-12T09:36:59.789Z", "user": 1, "content_type": 11, "object_id": "3", "object_repr": "Cleaner - 15 packs", "action_flag": 1, "change_message": "[{\"added\": {}}]"}}, {"model": "admin.logentry", "pk": 8, "fields": {"action_time": "2025-12-12T09:37:17.417Z", "user": 1, "content_type": 11, "object_id": "4", "object_repr": "minoclair - 12 packs", "action_flag": 1, "change_message": "[{\"added\": {}}]"}}, {"model": "admin.logentry", "pk": 9, "fields": {"action_time": "2025-12-12T09:38:12.504Z", "user": 1, "content_type": 7, "object_id": "1", "object_repr": "National Hospital", "action_flag": 1, "change_message": "[{\"added\": {}}]"}}, {"model": "admin.logentry", "pk": 10, "fields": {"action_time": "2025-12-12T09:38:30.631Z", "user": 1, "content_type": 7, "object_id": "2", "object_repr": "4th hospital", "action_flag": 1, "change_message": "[{\"added\": {}}]"}}, {"model": "admin.logentry", "pk": 11, "fields": {"action_time": "2025-12-12T09:38:42.055Z", "user": 1, "content_type": 7, "object_id": "3", "object_repr": "Mamakieva", "action_flag": 1, "change_message": "[{\"added\": {}}]"}}, {"model": "admin.logentry", "pk": 12, "fields": {"action_time": "2025-12-12T09:39:15.400Z", "user": 1, "content_type": 7, "object_id": "4", "object_repr": "Family center number 13", "action_flag": 1, "change_message": "[{\"added\": {}}]"}}, {"model": "admin.logentry", "pk": 13, "fields": {"action_time": "2025-12-12T09:40:23.729Z", "user": 1, "content_type": 8, "object_id": "5", "object_repr": "Whitediff", "action_flag": 1, "change_message": "[{\"added\": {}}]"}}, {"model": "admin.logentry", "pk": 14, "fields": {"action_time": "2025-12-12T09:40:41.806Z", "user": 1, "content_type": 8, "object_id": "5", "object_repr": "Whitediff", "action_flag": 3, "change_message": ""}}, {"model": "admin.logentry", "pk": 15, "fields": {"action_time": "2025-12-12T10:12:04.366Z", "user": 1, "content_type": 7, "object_id": "4", "object_repr": "Family center number 13", "action_flag": 2, "change_message": "[{\"changed\": {\"fields\": [\"Code\"]}}]"}}, {"model": "admin.logentry", "pk": 16, "fields": {"action_time": "2025-12-12T10:12:38.459Z", "user": 1, "content_type": 7, "object_id": "2", "object_repr": "4th hospital", "action_flag": 2, "change_message": "[{\"changed\": {\"fields\": [\"Code\"]}}]"}}, {"model": "admin.logentry", "pk": 17, "fields": {"action_time": "2025-12-12T10:13:25.998Z", "user": 1, "content_type": 7, "object_id": "2", "object_repr": "4th hospital", "action_flag": 2, "change_message": "[{\"changed\": {\"fields\": [\"Code\"]}}]"}}, {"model": "admin.logentry", "pk": 18, "fields": {"action_time": "2025-12-12T10:13:30.611Z", "user": 1, "content_type": 7, "object_id": "2", "object_repr": "4th hospital", "action_flag": 2, "change_message": "[{\"changed\": {\"fields\": [\"Code\"]}}]"}}, {"model": "admin.logentry", "pk": 19, "fields": {"action_time": "2025-12-12T10:13:53.274Z", "user": 1, "content_type": 7, "object_id": "1", "object_repr": "National Hospital", "action_flag": 2, "change_message": "[{\"changed\": {\"fields\": [\"Code\"]}}]"}}, {"model": "admin.logentry", "pk": 20, "fields": {"action_time": "2025-12-12T10:37:21.593Z", "user": 1, "content_type": 12, "object_id": "1", "object_repr": "Yumizen H550E", "action_flag": 1, "change_message": "[{\"added\": {}}]"}}, {"model": "admin.logentry", "pk": 21, "fields": {"action_time": "2025-12-12T10:37:32.847Z", "user": 1, "content_type": 12, "object_id": "2", "object_repr": "Yumizen H500", "action_flag": 1, "change_message": "[{\"added\": {}}]"}}, {"model": "admin.logentry", "pk": 22, "fields": {"action_time": "2025-12-12T10:37:51.670Z", "user": 1, "content_type": 7, "object_id": "4", "object_repr": "Family center number 13", "action_flag": 2, "change_message": "[{\"changed\": {\"fields\": [\"Analyzer\"]}}]"}}, {"model": "admin.logentry", "pk": 23, "fields": {"action_time": "2025-12-12T10:37:58.926Z", "user": 1, "content_type": 7, "object_id": "3", "object_repr": "Mamakieva", "action_flag": 2, "change_message": "[{\"changed\": {\"fields\": [\"Analyzer\"]}}]"}}, {"model": "admin.logentry", "pk": 24, "fields": {"action_time": "2025-12-12T10:38:05.247Z", "user": 1, "content_type": 7, "object_id": "2", "object_repr": "4th hospital", "action_flag": 2, "change_message": "[{\"changed\": {\"fields\": [\"Analyzer\"]}}]"}}, {"model": "admin.logentry", "pk": 25, "fields": {"action_time": "2025-12-12T10:38:13.941Z", "user": 1, "content_type": 7, "object_id": "1", "object_repr": "National Hospital", "action_flag": 2, "change_message": "[{\"changed\": {\"fields\": [\"Analyzer\"]}}]"}}, {"model": "admin.logentry", "pk": 26, "fields": {"action_time": "2025-12-12T16:41:55.609Z", "user": 1, "content_type": 8, "object_id": "1", "object_repr": "Diluent", "action_flag": 2, "change_message": "[]"}}, {"model": "admin.logentry", "pk": 27, "fields": {"action_time": "2025-12-12T16:41:58.031Z", "user": 1, "content_type": 8, "object_id": "2", "object_repr": "Whitediff", "action_flag": 2, "change_message": "[]"}}, {"model": "admin.logentry", "pk": 28, "fields": {"action_time": "2025-12-12T16:42:00.363Z", "user": 1, "content_type": 8, "object_id": "4", "object_repr": "minoclair", "action_flag": 2, "change_message": "[]"}}, {"model": "admin.logentry", "pk": 29, "fields": {"action_time": "2025-12-12T16:42:03.151Z", "user": 1, "content_type": 8, "object_id": "3", "object_repr": "Cleaner", "action_flag": 2, "change_message": "[]"}}, {"model": "admin.logentry", "pk": 30, "fields": {"action_time": "2025-12-12T16:42:43.230Z", "user": 1, "content_type": 8, "object_id": "3", "object_repr": "Cleaner", "action_flag": 2, "change_message": "[{\"changed\": {\"fields\": [\"Pack volume ml\"]}}]"}}, {"model": "admin.logentry", "pk": 31, "fields": {"action_time": "2025-12-12T16:42:57.848Z", "user": 1, "content_type": 11, "object_id": "3", "object_repr": "Cleaner - 15 packs", "action_flag": 2, "change_message": "[]"}}, {"model": "admin.logentry", "pk": 32, "fields": {"action_time": "2025-12-15T03:59:11.105Z", "user": 1, "content_type": 9, "object_id": "1", "object_repr": "Delivery to National Hospital on 2025-12-15", "action_flag": 1, "change_message": "[{\"added\": {}}, {\"added\": {\"name\": \"reagent delivery item\", \"object\": \"15 x Diluent\"}}, {\"added\": {\"name\": \"reagent delivery item\", \"object\": \"16 x Whitediff\"}}, {\"added\": {\"name\": \"reagent delivery item\", \"object\": \"22 x Cleaner\"}}, {\"added\": {\"name\": \"reagent delivery item\", \"object\": \"5 x minoclair\"}}]"}}, {"model": "admin.logentry", "pk": 33, "fields": {"action_time": "2025-12-25T04:39:58.672Z", "user": 1, "content_type": 14, "object_id": "1", "object_repr": "Mamakieva - 3 months", "action_flag": 1, "change_message": "[{\"added\": {}}]"}}, {"model": "admin.logentry", "pk": 34, "fields": {"action_time": "2025-12-25T04:40:23.159Z", "user": 1, "content_type": 14, "object_id": "2", "object_repr": "National Hospital - 3 months", "action_flag": 1, "change_message": "[{\"added\": {}}]"}}, {"model": "admin.logentry", "pk": 35, "fields": {"action_time": "2025-12-25T04:40:53.530Z", "user": 1, "content_type": 14, "object_id": "3", "object_repr": "4th hospital - 3 months", "action_flag": 1, "change_message": "[{\"added\": {}}]"}}, {"model": "admin.logentry", "pk": 36, "fields": {"action_time": "2025-12-25T04:41:11.695Z", "user": 1, "content_type": 14, "object_id": "4", "object_repr": "Family center number 13 - 3 months", "action_flag": 1, "change_message": "[{\"added\": {}}]"}}, {"model": "admin.logentry", "pk": 37, "fields": {"action_time": "2025-12-25T04:41:25.299Z", "user": 1, "content_type": 14, "object_id": "2", "object_repr": "National Hospital - 3 months", "action_flag": 2, "change_message": "[]"}}, {"model": "admin.logentry", "pk": 38, "fields": {"action_time": "2025-12-25T05:03:32.711Z", "user": 1, "content_type": 10, "object_id": "1", "object_repr": "ConsumptionRule object (1)", "action_flag": 1, "change_message": "[{\"added\": {}}]"}}, {"model": "admin.logentry", "pk": 39, "fields": {"action_time": "2025-12-25T05:29:19.585Z", "user": 1, "content_type": 10, "object_id": "1", "object_repr": "Diluent rule", "action_flag": 2, "change_message": "[]"}}, {"model": "admin.logentry", "pk": 40, "fields": {"action_time": "2025-12-25T09:10:38.601Z", "user": 1, "content_type": 10, "object_id": "2", "object_repr": "Whitediff rule", "action_flag": 1, "change_message": "[{\"added\": {}}]"}}, {"model": "admin.logentry", "pk": 41, "fields": {"action_time": "2025-12-25T09:10:55.201Z", "user": 1, "content_type": 10, "object_id": "3", "object_repr": "Cleaner rule", "action_flag": 1, "change_message": "[{\"added\": {}}]"}}, {"model": "admin.logentry", "pk": 42, "fields": {"action_time": "2025-12-25T10:28:30.224Z", "user": 1, "content_type": 10, "object_id": "3", "object_repr": "Cleaner consumption rule", "action_flag": 2, "change_message": "[{\"changed\": {\"fields\": [\"Ml per test\"]}}]"}}, {"model": "admin.logentry", "pk": 43, "fields": {"action_time": "2025-12-25T10:28:37.860Z", "user": 1, "content_type": 10, "object_id": "2", "object_repr": "Whitediff consumption rule", "action_flag": 2, "change_message": "[{\"changed\": {\"fields\": [\"Ml per test\"]}}]"}}, {"model": "admin.logentry", "pk": 44, "fields": {"action_time": "2025-12-25T10:28:44.908Z", "user": 1, "content_type": 10, "object_id": "1", "object_repr": "Diluent consumption rule", "action_flag": 2, "change_message": "[{\"changed\": {\"fields\": [\"Ml per test\"]}}]"}}, {"model": "admin.logentry", "pk": 45, "fields": {"action_time": "2025-12-25T10:32:06.218Z", "user": 1, "content_type": 10, "object_id": "4", "object_repr": "Rule for minoclair", "action_flag": 1, "change_message": "[{\"added\": {}}]"}}, {"model": "admin.logentry", "pk": 46, "fields": {"action_time": "2025-12-25T10:32:27.137Z", "user": 1, "content_type": 10, "object_id": "1", "object_repr": "Rule for Diluent", "action_flag": 2, "change_message": "[]"}}, {"model": "admin.logentry", "pk": 47, "fields": {"action_time": "2025-12-25T10:33:41.280Z", "user": 1, "content_type": 9, "object_id": "2", "object_repr": "Delivery to National Hospital on 2025-12-25", "action_flag": 1, "change_message": "[{\"added\": {}}, {\"added\": {\"name\": \"reagent delivery item\", \"object\": \"16 x Diluent\"}}, {\"added\": {\"name\": \"reagent delivery item\", \"object\": \"16 x Whitediff\"}}, {\"added\": {\"name\": \"reagent delivery item\", \"object\": \"16 x Cleaner\"}}, {\"added\": {\"name\": \"reagent delivery item\", \"object\": \"3 x minoclair\"}}]"}}, {"model": "admin.logentry", "pk": 48, "fields": {"action_time": "2025-12-25T10:43:40.313Z", "user": 1, "content_type": 11, "object_id": "1", "object_repr": "Diluent - 16 bottles", "action_flag": 2, "change_message": "[]"}}, {"model": "admin.logentry", "pk": 49, "fields": {"action_time": "2025-12-25T10:43:45.897Z", "user": 1, "content_type": 11, "object_id": "4", "object_repr": "minoclair - 10 bottles", "action_flag": 2, "change_message": "[{\"changed\": {\"fields\": [\"Quantity packs\"]}}]"}}, {"model": "admin.logentry", "pk": 50, "fields": {"action_time": "2025-12-25T10:45:12.040Z", "user": 1, "content_type": 14, "object_id": "4", "object_repr": "Family center number 13 - 3 months", "action_flag": 2, "change_message": "[]"}}, {"model": "admin.logentry", "pk": 51, "fields": {"action_time": "2026-01-08T06:03:40.092Z", "user": 1, "content_type": 11, "object_id": "4", "object_repr": "minoclair - 10 bottles", "action_flag": 2, "change_message": "[]"}}, {"model": "admin.logentry", "pk": 52, "fields": {"action_time": "2026-01-08T06:04:35.803Z", "user": 1, "content_type": 9, "object_id": "1", "object_repr": "Mamakieva - minoclair (4)", "action_flag": 1, "change_message": "[{\"added\": {}}]"}}, {"model": "admin.logentry", "pk": 53, "fields": {"action_time": "2026-01-08T06:04:49.643Z", "user": 1, "content_type": 9, "object_id": "1", "object_repr": "Mamakieva - minoclair (4)", "action_flag": 3, "change_message": ""}}, {"model": "admin.logentry", "pk": 54, "fields": {"action_time": "2026-01-20T09:31:07.421Z", "user": 1, "content_type": 9, "object_id": "1", "object_repr": "Delivery to Mamakieva - 2026-01-20", "action_flag": 1, "change_message": "[{\"added\": {}}, {\"added\": {\"name\": \"hospital delivery item\", \"object\": \"Diluent - 5\"}}, {\"added\": {\"name\": \"hospital delivery item\", \"object\": \"Whitediff - 4\"}}, {\"added\": {\"name\": \"hospital delivery item\", \"object\": \"Cleaner - 12\"}}, {\"added\": {\"name\": \"hospital delivery item\", \"object\": \"minoclair - 3\"}}]"}}, {"model": "admin.logentry", "pk": 55, "fields": {"action_time": "2026-01-20T10:07:49.446Z", "user": 1, "content_type": 12, "object_id": "3", "object_repr": "Чуйская больница", "action_flag": 1, "change_message": "[{\"added\": {}}]"}}, {"model": "admin.logentry", "pk": 56, "fields": {"action_time": "2026-01-20T10:08:01.577Z", "user": 1, "content_type": 12, "object_id": "3", "object_repr": "Чуйская больница", "action_flag": 3, "change_message": ""}}, {"model": "admin.logentry", "pk": 57, "fields": {"action_time": "2026-01-20T10:08:18.076Z", "user": 1, "content_type": 7, "object_id": "5", "object_repr": "Чуйская больница - None", "action_flag": 1, "change_message": "[{\"added\": {}}]"}}, {"model": "admin.logentry", "pk": 58, "fields": {"action_time": "2026-01-20T10:10:58.015Z", "user": 1, "content_type": 12, "object_id": "4", "object_repr": "Pentra c400", "action_flag": 1, "change_message": "[{\"added\": {}}]"}}, {"model": "admin.logentry", "pk": 59, "fields": {"action_time": "2026-01-20T10:11:23.685Z", "user": 1, "content_type": 14, "object_id": "4", "object_repr": "Family center number 13 - 3 months", "action_flag": 2, "change_message": "[]"}}, {"model": "admin.logentry", "pk": 60, "fields": {"action_time": "2026-01-20T10:11:35.170Z", "user": 1, "content_type": 10, "object_id": "4", "object_repr": "Rule for minoclair", "action_flag": 2, "change_message": "[]"}}, {"model": "admin.logentry", "pk": 61, "fields": {"action_time": "2026-01-20T10:38:22.589Z", "user": 1, "content_type": 14, "object_id": "4", "object_repr": "Family center number 13 - 3 months", "action_flag": 2, "change_message": "[]"}}, {"model": "admin.logentry", "pk": 62, "fields": {"action_time": "2026-01-20T10:38:30.045Z", "user": 1, "content_type": 14, "object_id": "3", "object_repr": "4th hospital - 3 months", "action_flag": 2, "change_message": "[]"}}, {"model": "admin.logentry", "pk": 63, "fields": {"action_time": "2026-01-20T10:38:43.467Z", "user": 1, "content_type": 14, "object_id": "1", "object_repr": "Mamakieva - 3 months", "action_flag": 2, "change_message": "[]"}}, {"model": "admin.logentry", "pk": 64, "fields": {"action_time": "2026-01-20T10:39:27.261Z", "user": 1, "content_type": 8, "object_id": "4", "object_repr": "minoclair", "action_flag": 2, "change_message": "[]"}}, {"model": "admin.logentry", "pk": 65, "fields": {"action_time": "2026-01-20T10:39:34.093Z", "user": 1, "content_type": 8, "object_id": "1", "object_repr": "Diluent", "action_flag": 2, "change_message": "[]"}}, {"model": "admin.logentry", "pk": 66, "fields": {"action_time": "2026-01-21T04:22:42.650Z", "user": 1, "content_type": 11, "object_id": "4", "object_repr": "minoclair - 9 bottles", "action_flag": 2, "change_message": "[{\"changed\": {\"fields\": [\"Quantity packs\"]}}]"}}, {"model": "admin.logentry", "pk": 67, "fields": {"action_time": "2026-01-21T04:22:52.877Z", "user": 1, "content_type": 11, "object_id": "3", "object_repr": "Cleaner - 8 bottles", "action_flag": 2, "change_message": "[{\"changed\": {\"fields\": [\"Quantity packs\"]}}]"}}, {"model": "admin.logentry", "pk": 68, "fields": {"action_time": "2026-01-21T04:24:34.467Z", "user": 1, "content_type": 11, "object_id": "3", "object_repr": "Cleaner - 3 bottles", "action_flag": 2, "change_message": "[{\"changed\": {\"fields\": [\"Quantity packs\"]}}]"}}, {"model": "admin.logentry", "pk": 69, "fields": {"action_time": "2026-01-21T04:24:42.302Z", "user": 1, "content_type": 11, "object_id": "4", "object_repr": "minoclair - 7 bottles", "action_flag": 2, "change_message": "[{\"changed\": {\"fields\": [\"Quantity packs\"]}}]"}}, {"model": "admin.logentry", "pk": 70, "fields": {"action_time": "2026-01-21T04:27:56.359Z", "user": 1, "content_type": 11, "object_id": "4", "object_repr": "minoclair - 9 bottles", "action_flag": 2, "change_message": "[{\"changed\": {\"fields\": [\"Quantity packs\"]}}]"}}, {"model": "admin.logentry", "pk": 71, "fields": {"action_time": "2026-01-21T04:28:09.878Z", "user": 1, "content_type": 11, "object_id": "3", "object_repr": "Cleaner - 11 bottles", "action_flag": 2, "change_message": "[{\"changed\": {\"fields\": [\"Quantity packs\"]}}]"}}, {"model": "admin.logentry", "pk": 72, "fields": {"action_time": "2026-01-21T04:28:22.550Z", "user": 1, "content_type": 11, "object_id": "2", "object_repr": "Whitediff - 53 bottles", "action_flag": 2, "change_message": "[{\"changed\": {\"fields\": [\"Quantity packs\"]}}]"}}, {"model": "admin.logentry", "pk": 73, "fields": {"action_time": "2026-01-21T04:28:30.451Z", "user": 1, "content_type": 11, "object_id": "1", "object_repr": "Diluent - 18 bottles", "action_flag": 2, "change_message": "[{\"changed\": {\"fields\": [\"Quantity packs\"]}}]"}}, {"model": "admin.logentry", "pk": 74, "fields": {"action_time": "2026-01-21T04:37:17.607Z", "user": 1, "content_type": 7, "object_id": "3", "object_repr": "Mamakieva - 506YAEH09287", "action_flag": 2, "change_message": "[{\"changed\": {\"fields\": [\"Serialnumber\"]}}]"}}, {"model": "admin.logentry", "pk": 75, "fields": {"action_time": "2026-01-21T04:45:31.245Z", "user": 1, "content_type": 7, "object_id": "3", "object_repr": "Mamakieva - 506YAEH09287", "action_flag": 2, "change_message": "[]"}}, {"model": "admin.logentry", "pk": 76, "fields": {"action_time": "2026-01-27T05:02:20.233Z", "user": 1, "content_type": 9, "object_id": "1", "object_repr": "Delivery to Mamakieva - 2026-01-20", "action_flag": 2, "change_message": "[]"}}, {"model": "admin.logentry", "pk": 77, "fields": {"action_time": "2026-01-27T05:03:47.827Z", "user": 1, "content_type": 9, "object_id": "2", "object_repr": "Delivery to 4th hospital - 2026-01-27", "action_flag": 1, "change_message": "[{\"added\": {}}, {\"added\": {\"name\": \"hospital delivery item\", \"object\": \"Diluent - 3\"}}, {\"added\": {\"name\": \"hospital delivery item\", \"object\": \"Whitediff - 11\"}}]"}}, {"model": "admin.logentry", "pk": 78, "fields": {"action_time": "2026-01-27T05:04:06.689Z", "user": 1, "content_type": 9, "object_id": "2", "object_repr": "Delivery to 4th hospital - 2026-01-27", "action_flag": 3, "change_message": ""}}, {"model": "admin.logentry", "pk": 79, "fields": {"action_time": "2026-01-27T05:24:52.298Z", "user": 1, "content_type": 9, "object_id": "3", "object_repr": "Delivery to National Hospital - 2026-01-27", "action_flag": 1, "change_message": "[{\"added\": {}}, {\"added\": {\"name\": \"hospital delivery item\", \"object\": \"Whitediff - 3\"}}]"}}, {"model": "admin.logentry", "pk": 80, "fields": {"action_time": "2026-01-27T05:25:15.544Z", "user": 1, "content_type": 9, "object_id": "3", "object_repr": "Delivery to National Hospital - 2026-01-27", "action_flag": 3, "change_message": ""}}, {"model": "admin.logentry", "pk": 81, "fields": {"action_time": "2026-01-27T07:34:32.135Z", "user": 1, "content_type": 11, "object_id": "2", "object_repr": "Whitediff - 42 bottles", "action_flag": 2, "change_message": "[{\"changed\": {\"fields\": [\"Quantity packs\"]}}]"}}, {"model": "admin.logentry", "pk": 82, "fields": {"action_time": "2026-01-27T07:34:49.222Z", "user": 1, "content_type": 9, "object_id": "4", "object_repr": "Delivery to 4th hospital - 2026-01-27", "action_flag": 1, "change_message": "[{\"added\": {}}, {\"added\": {\"name\": \"hospital delivery item\", \"object\": \"Whitediff - 4\"}}]"}}, {"model": "admin.logentry", "pk": 83, "fields": {"action_time": "2026-01-27T07:34:59.827Z", "user": 1, "content_type": 9, "object_id": "4", "object_repr": "Delivery to 4th hospital - 2026-01-27", "action_flag": 3, "change_message": ""}}, {"model": "admin.logentry", "pk": 84, "fields": {"action_time": "2026-01-27T07:35:53.695Z", "user": 1, "content_type": 11, "object_id": "1", "object_repr": "Diluent - 18 bottles", "action_flag": 2, "change_message": "[{\"changed\": {\"fields\": [\"Quantity packs\"]}}]"}}, {"model": "admin.logentry", "pk": 85, "fields": {"action_time": "2026-01-27T07:36:58.364Z", "user": 1, "content_type": 11, "object_id": "2", "object_repr": "Whitediff - 53 bottles", "action_flag": 2, "change_message": "[{\"changed\": {\"fields\": [\"Quantity packs\"]}}]"}}, {"model": "admin.logentry", "pk": 86, "fields": {"action_time": "2026-01-27T07:37:44.664Z", "user": 1, "content_type": 11, "object_id": "3", "object_repr": "Cleaner - 11 bottles", "action_flag": 2, "change_message": "[]"}}, {"model": "admin.logentry", "pk": 87, "fields": {"action_time": "2026-01-27T07:42:13.125Z", "user": 1, "content_type": 14, "object_id": "5", "object_repr": "Чуйская больница - 3 months", "action_flag": 1, "change_message": "[{\"added\": {}}]"}}, {"model": "admin.logentry", "pk": 88, "fields": {"action_time": "2026-01-27T07:44:52.950Z", "user": 1, "content_type": 12, "object_id": "5", "object_repr": "Pentra c400", "action_flag": 1, "change_message": "[{\"added\": {}}]"}}, {"model": "admin.logentry", "pk": 89, "fields": {"action_time": "2026-01-27T07:45:42.189Z", "user": 1, "content_type": 7, "object_id": "6", "object_repr": "Чуйская больница - None", "action_flag": 1, "change_message": "[{\"added\": {}}]"}}, {"model": "admin.logentry", "pk": 90, "fields": {"action_time": "2026-01-27T07:46:34.536Z", "user": 1, "content_type": 12, "object_id": "4", "object_repr": "Pentra c400", "action_flag": 3, "change_message": ""}}, {"model": "admin.logentry", "pk": 91, "fields": {"action_time": "2026-01-27T07:46:51.771Z", "user": 1, "content_type": 7, "object_id": "7", "object_repr": "Чуйская больница - None", "action_flag": 1, "change_message": "[{\"added\": {}}]"}}, {"model": "admin.logentry", "pk": 92, "fields": {"action_time": "2026-01-27T11:21:14.980Z", "user": 1, "content_type": 16, "object_id": "1", "object_repr": "National Hospital - Yumizen H500 (None)", "action_flag": 1, "change_message": "[{\"added\": {}}]"}}, {"model": "admin.logentry", "pk": 93, "fields": {"action_time": "2026-01-27T11:21:57.904Z", "user": 1, "content_type": 7, "object_id": "7", "object_repr": "Чуйская больница - ", "action_flag": 3, "change_message": ""}}, {"model": "admin.logentry", "pk": 94, "fields": {"action_time": "2026-01-27T11:22:53.096Z", "user": 1, "content_type": 7, "object_id": "5", "object_repr": "Чуйская больница - ", "action_flag": 2, "change_message": "[{\"added\": {\"name\": \"hospital analyzer\", \"object\": \"\\u0427\\u0443\\u0439\\u0441\\u043a\\u0430\\u044f \\u0431\\u043e\\u043b\\u044c\\u043d\\u0438\\u0446\\u0430 - Yumizen H550E (None)\"}}, {\"added\": {\"name\": \"hospital analyzer\", \"object\": \"\\u0427\\u0443\\u0439\\u0441\\u043a\\u0430\\u044f \\u0431\\u043e\\u043b\\u044c\\u043d\\u0438\\u0446\\u0430 - Pentra c400 (None)\"}}]"}}, {"model": "admin.logentry", "pk": 95, "fields": {"action_time": "2026-01-27T11:23:05.776Z", "user": 1, "content_type": 7, "object_id": "4", "object_repr": "Family center number 13 - ", "action_flag": 2, "change_message": "[{\"added\": {\"name\": \"hospital analyzer\", \"object\": \"Family center number 13 - Yumizen H500 (None)\"}}]"}}, {"model": "admin.logentry", "pk": 96, "fields": {"action_time": "2026-01-27T11:23:40.201Z", "user": 1, "content_type": 7, "object_id": "3", "object_repr": "Mamakieva - ", "action_flag": 2, "change_message": "[{\"added\": {\"name\": \"hospital analyzer\", \"object\": \"Mamakieva - Yumizen H550E (None)\"}}]"}}, {"model": "admin.logentry", "pk": 97, "fields": {"action_time": "2026-01-27T11:23:45.884Z", "user": 1, "content_type": 7, "object_id": "4", "object_repr": "Family center number 13 - ", "action_flag": 2, "change_message": "[]"}}, {"model": "admin.logentry", "pk": 98, "fields": {"action_time": "2026-01-27T11:23:52.295Z", "user": 1, "content_type": 7, "object_id": "3", "object_repr": "Mamakieva - ", "action_flag": 2, "change_message": "[]"}}, {"model": "admin.logentry", "pk": 99, "fields": {"action_time": "2026-01-27T11:23:59.334Z", "user": 1, "content_type": 7, "object_id": "2", "object_repr": "4th hospital - ", "action_flag": 2, "change_message": "[{\"added\": {\"name\": \"hospital analyzer\", \"object\": \"4th hospital - Yumizen H550E (None)\"}}]"}}, {"model": "admin.logentry", "pk": 100, "fields": {"action_time": "2026-01-27T11:24:02.714Z", "user": 1, "content_type": 7, "object_id": "1", "object_repr": "National Hospital - ", "action_flag": 2, "change_message": "[]"}}, {"model": "admin.logentry", "pk": 101, "fields": {"action_time": "2026-01-27T11:27:10.895Z", "user": 1, "content_type": 7, "object_id": "2", "object_repr": "4th hospital - ", "action_flag": 2, "change_message": "[{\"changed\": {\"name\": \"hospital analyzer\", \"object\": \"4th hospital - Yumizen H550E (506YAEH09288)\", \"fields\": [\"Serial number\"]}}]"}}, {"model": "admin.logentry", "pk": 102, "fields": {"action_time": "2026-01-27T11:27:19.785Z", "user": 1, "content_type": 7, "object_id": "2", "object_repr": "4th hospital - ", "action_flag": 2, "change_message": "[]"}}, {"model": "admin.logentry", "pk": 103, "fields": {"action_time": "2026-01-27T11:30:41.203Z", "user": 1, "content_type": 7, "object_id": "4", "object_repr": "Family center number 13 - ", "action_flag": 2, "change_message": "[{\"changed\": {\"name\": \"hospital analyzer\", \"object\": \"Family center number 13 - Yumizen H500 (503YOEH08826)\", \"fields\": [\"Serial number\", \"Installation date\"]}}]"}}, {"model": "admin.logentry", "pk": 104, "fields": {"action_time": "2026-01-27T11:33:47.640Z", "user": 1, "content_type": 7, "object_id": "1", "object_repr": "National Hospital - ", "action_flag": 2, "change_message": "[{\"changed\": {\"name\": \"hospital analyzer\", \"object\": \"National Hospital - Yumizen H500 (406YODH0742)\", \"fields\": [\"Serial number\"]}}]"}}, {"model": "admin.logentry", "pk": 105, "fields": {"action_time": "2026-01-27T11:35:24.022Z", "user": 1, "content_type": 7, "object_id": "3", "object_repr": "Mamakieva - ", "action_flag": 2, "change_message": "[{\"changed\": {\"name\": \"hospital analyzer\", \"object\": \"Mamakieva - Yumizen H550E (506YAEH09287)\", \"fields\": [\"Serial number\", \"Installation date\"]}}]"}}, {"model": "admin.logentry", "pk": 106, "fields": {"action_time": "2026-01-27T11:40:16.829Z", "user": 1, "content_type": 12, "object_id": "6", "object_repr": "Cobas b123", "action_flag": 1, "change_message": "[{\"added\": {}}]"}}, {"model": "admin.logentry", "pk": 107, "fields": {"action_time": "2026-01-28T04:28:24.996Z", "user": 1, "content_type": 9, "object_id": "5", "object_repr": "Delivery to Family center number 13 - 2026-01-28", "action_flag": 1, "change_message": "[{\"added\": {}}, {\"added\": {\"name\": \"hospital delivery item\", \"object\": \"Whitediff - 5\"}}]"}}, {"model": "admin.logentry", "pk": 108, "fields": {"action_time": "2026-01-28T04:28:47.707Z", "user": 1, "content_type": 9, "object_id": "5", "object_repr": "Delivery to Family center number 13 - 2026-01-28", "action_flag": 3, "change_message": ""}}, {"model": "admin.logentry", "pk": 109, "fields": {"action_time": "2026-02-06T05:30:08.010Z", "user": 1, "content_type": 9, "object_id": "6", "object_repr": "Delivery to Чуйская больница - 2026-02-06", "action_flag": 1, "change_message": "[{\"added\": {}}, {\"added\": {\"name\": \"hospital delivery item\", \"object\": \"Whitediff - 1\"}}, {\"added\": {\"name\": \"hospital delivery item\", \"object\": \"Diluent - 1\"}}, {\"added\": {\"name\": \"hospital delivery item\", \"object\": \"Cleaner - 1\"}}, {\"added\": {\"name\": \"hospital delivery item\", \"object\": \"minoclair - 1\"}}]"}}, {"model": "admin.logentry", "pk": 110, "fields": {"action_time": "2026-02-06T05:31:39.677Z", "user": 1, "content_type": 11, "object_id": "3", "object_repr": "Cleaner - 66 bottles", "action_flag": 2, "change_message": "[{\"changed\": {\"fields\": [\"Quantity packs\"]}}]"}}, {"model": "admin.logentry", "pk": 111, "fields": {"action_time": "2026-02-06T05:31:58.609Z", "user": 1, "content_type": 11, "object_id": "2", "object_repr": "Whitediff - 64 bottles", "action_flag": 2, "change_message": "[{\"changed\": {\"fields\": [\"Quantity packs\"]}}]"}}, {"model": "admin.logentry", "pk": 112, "fields": {"action_time": "2026-02-06T05:32:22.372Z", "user": 1, "content_type": 11, "object_id": "4", "object_repr": "minoclair - 14 bottles", "action_flag": 2, "change_message": "[{\"changed\": {\"fields\": [\"Quantity packs\"]}}]"}}, {"model": "admin.logentry", "pk": 113, "fields": {"action_time": "2026-02-06T05:34:23.728Z", "user": 1, "content_type": 9, "object_id": "7", "object_repr": "Delivery to National Hospital - 2026-02-06", "action_flag": 1, "change_message": "[{\"added\": {}}, {\"added\": {\"name\": \"hospital delivery item\", \"object\": \"Cleaner - 10\"}}, {\"added\": {\"name\": \"hospital delivery item\", \"object\": \"minoclair - 2\"}}]"}}, {"model": "admin.logentry", "pk": 114, "fields": {"action_time": "2026-02-06T05:36:51.734Z", "user": 1, "content_type": 9, "object_id": "8", "object_repr": "Delivery to 4th hospital - 2026-02-06", "action_flag": 1, "change_message": "[{\"added\": {}}, {\"added\": {\"name\": \"hospital delivery item\", \"object\": \"Cleaner - 21\"}}, {\"added\": {\"name\": \"hospital delivery item\", \"object\": \"minoclair - 3\"}}]"}}, {"model": "admin.logentry", "pk": 115, "fields": {"action_time": "2026-02-06T06:02:10.657Z", "user": 1, "content_type": 9, "object_id": "8", "object_repr": "Delivery to 4th hospital - 2026-02-06", "action_flag": 2, "change_message": "[]"}}, {"model": "admin.logentry", "pk": 116, "fields": {"action_time": "2026-02-10T08:35:22.735Z", "user": 1, "content_type": 9, "object_id": "9", "object_repr": "Delivery to Family center number 13 - 2026-02-10", "action_flag": 1, "change_message": "[{\"added\": {}}, {\"added\": {\"name\": \"hospital delivery item\", \"object\": \"minoclair - 3\"}}]"}}, {"model": "admin.logentry", "pk": 117, "fields": {"action_time": "2026-02-10T08:36:15.528Z", "user": 1, "content_type": 11, "object_id": "2", "object_repr": "Whitediff - 69 bottles", "action_flag": 2, "change_message": "[{\"changed\": {\"fields\": [\"Quantity packs\"]}}]"}}, {"model": "admin.logentry", "pk": 118, "fields": {"action_time": "2026-02-10T08:36:53.543Z", "user": 1, "content_type": 11, "object_id": "1", "object_repr": "Diluent - 22 bottles", "action_flag": 2, "change_message": "[{\"changed\": {\"fields\": [\"Quantity packs\"]}}]"}}, {"model": "admin.logentry", "pk": 119, "fields": {"action_time": "2026-02-10T08:37:07.452Z", "user": 1, "content_type": 11, "object_id": "3", "object_repr": "Cleaner - 38 bottles", "action_flag": 2, "change_message": "[{\"changed\": {\"fields\": [\"Quantity packs\"]}}]"}}, {"model": "admin.logentry", "pk": 120, "fields": {"action_time": "2026-02-12T06:37:35.686Z", "user": 1, "content_type": 17, "object_id": "1", "object_repr": "minoclair +2", "action_flag": 1, "change_message": "[{\"added\": {}}]"}}, {"model": "admin.logentry", "pk": 121, "fields": {"action_time": "2026-02-12T06:38:21.195Z", "user": 1, "content_type": 17, "object_id": "1", "object_repr": "minoclair +2", "action_flag": 3, "change_message": ""}}, {"model": "admin.logentry", "pk": 122, "fields": {"action_time": "2026-02-12T06:38:29.253Z", "user": 1, "content_type": 11, "object_id": "4", "object_repr": "minoclair - 6 bottles", "action_flag": 2, "change_message": "[{\"changed\": {\"fields\": [\"Quantity packs\"]}}]"}}, {"model": "auth.user", "pk": 1, "fields": {"password": "pbkdf2_sha256$870000$bwzGfQiOJQa5MNVcqQBGi8$GX3viX0z3+730ahGH6/zZZiLFa1bHsEuikRwalLf4u0=", "last_login": "2026-02-10T08:33:15.671Z", "is_superuser": true, "username": "admin", "first_name": "", "last_name": "", "email": "admin@gmail.com", "is_staff": true, "is_active": true, "date_joined": "2025-12-12T09:29:03.341Z", "groups": [], "user_permissions": []}}, {"model": "sessions.session", "pk": "7lq8wmbr0jsdb188z2ar5kqah67hytxl", "fields": {"session_data": ".eJxVjEEOwiAQRe_C2pCBFgZcuvcMhIGpVA0kpV0Z765NutDtf-_9lwhxW0vYOi9hzuIslDj9bhTTg-sO8j3WW5Op1XWZSe6KPGiX15b5eTncv4MSe_nWzvsR0Go9KK8oaYuM7Nhab8gbZ0kP0wTAMbnkEUFRxgFYjdoBG2XF-wOu1zaY:1vTzU1:I68ee2ODpcYx9L9FB1vOb1SX6O1xgesgYEp-fXeb6GA", "expire_date": "2025-12-26T09:30:41.446Z"}}, {"model": "sessions.session", "pk": "iemnwa2ecjd94qer0cc450f8lz4w27a5", "fields": {"session_data": ".eJxVjDsOwjAQBe_iGlnGXnuzlPQ5g7X-4QBypDipEHeHSCmgfTPzXsLztla_9bz4KYmLOIvT7xY4PnLbQbpzu80yzm1dpiB3RR60y3FO-Xk93L-Dyr1-65gTRlNMIQqEnCgCZXQaIRtkAEyo2QFjGAjIKTCorNMOLSg7FC3eH-goNuE:1vdiPP:_j_k55qT95hDCzfVXv31MB16ebsITuM2U_10_i4qhBY", "expire_date": "2026-01-22T05:18:07.843Z"}}, {"model": "sessions.session", "pk": "li4sze9lvec9hj6yy7tn1ruowfdqmfv4", "fields": {"session_data": ".eJxVjDsOwjAQBe_iGlnGXnuzlPQ5g7X-4QBypDipEHeHSCmgfTPzXsLztla_9bz4KYmLOIvT7xY4PnLbQbpzu80yzm1dpiB3RR60y3FO-Xk93L-Dyr1-65gTRlNMIQqEnCgCZXQaIRtkAEyo2QFjGAjIKTCorNMOLSg7FC3eH-goNuE:1vpjBL:NbJ_fPhShasTjDNmJYh_XResiZ_5fhv9b6LH05glhGk", "expire_date": "2026-02-24T08:33:15.672Z"}}, {"model": "sessions.session", "pk": "zq7kcbtca3ova5gxdeq6uq5dhq6jjq88", "fields": {"session_data": ".eJxVjDsOwjAQBe_iGlnGXnuzlPQ5g7X-4QBypDipEHeHSCmgfTPzXsLztla_9bz4KYmLOIvT7xY4PnLbQbpzu80yzm1dpiB3RR60y3FO-Xk93L-Dyr1-65gTRlNMIQqEnCgCZXQaIRtkAEyo2QFjGAjIKTCorNMOLSg7FC3eH-goNuE:1vkb9w:YXo92sCzshhKUe8IKcYVyYT-fw12c2Lod3jUAW_qgKQ", "expire_date": "2026-02-10T04:58:36.939Z"}}, {"model": "supply.hospital", "pk": 1, "fields": {"name": "National Hospital", "contact_person": "", "phone": ""}}, {"model": "supply.hospital", "pk": 2, "fields": {"name": "4th hospital", "contact_person": "", "phone": ""}}, {"model": "supply.hospital", "pk": 3, "fields": {"name": "Mamakieva", "contact_person": "", "phone": ""}}, {"model": "supply.hospital", "pk": 4, "fields": {"name": "Family center number 13", "contact_person": "", "phone": ""}}, {"model": "supply.hospital", "pk": 5, "fields": {"name": "Чуйская больница", "contact_person": "", "phone": ""}}, {"model": "supply.analyzer", "pk": 1, "fields": {"name": "Yumizen H550E", "model_code": null}}, {"model": "supply.analyzer", "pk": 2, "fields": {"name": "Yumizen H500", "model_code": null}}, {"model": "supply.analyzer", "pk": 5, "fields": {"name": "Pentra c400", "model_code": null}}, {"model": "supply.analyzer", "pk": 6, "fields": {"name": "Cobas b123", "model_code": null}}, {"model": "supply.hospitalanalyzer", "pk": 1, "fields": {"hospital": 1, "analyzer": 2, "serial_number": "406YODH0742", "installation_date": null}}, {"model": "supply.hospitalanalyzer", "pk": 2, "fields": {"hospital": 5, "analyzer": 1, "serial_number": null, "installation_date": null}}, {"model": "supply.hospitalanalyzer", "pk": 3, "fields": {"hospital": 5, "analyzer": 5, "serial_number": null, "installation_date": null}}, {"model": "supply.hospitalanalyzer", "pk": 4, "fields": {"hospital": 4, "analyzer": 2, "serial_number": "503YOEH08826", "installation_date": "2025-08-13"}}, {"model": "supply.hospitalanalyzer", "pk": 5, "fields": {"hospital": 3, "analyzer": 1, "serial_number": "506YAEH09287", "installation_date": "2025-08-20"}}, {"model": "supply.hospitalanalyzer", "pk": 6, "fields": {"hospital": 2, "analyzer": 1, "serial_number": "506YAEH09288", "installation_date": null}}, {"model": "supply.reagent", "pk": 1, "fields": {"name": "Diluent", "unit": "bottle", "pack_volume_ml": 20.0}}, {"model": "supply.reagent", "pk": 2, "fields": {"name": "Whitediff", "unit": "bottle", "pack_volume_ml": 1.0}}, {"model": "supply.reagent", "pk": 3, "fields": {"name": "Cleaner", "unit": "bottle", "pack_volume_ml": 1000.0}}, {"model": "supply.reagent", "pk": 4, "fields": {"name": "minoclair", "unit": "bottle", "pack_volume_ml": 0.5}}, {"model": "supply.warehousestock", "pk": 1, "fields": {"reagent": 1, "quantity_packs": 22, "last_updated": "2026-02-10T08:36:53.542Z"}}, {"model": "supply.warehousestock", "pk": 2, "fields": {"reagent": 2, "quantity_packs": 69, "last_updated": "2026-02-10T08:36:15.528Z"}}, {"model": "supply.warehousestock", "pk": 3, "fields": {"reagent": 3, "quantity_packs": 38, "last_updated": "2026-02-10T08:37:07.451Z"}}, {"model": "supply.warehousestock", "pk": 4, "fields": {"reagent": 4, "quantity_packs": 6, "last_updated": "2026-02-12T06:38:29.252Z"}}, {"model": "supply.hospitaldelivery", "pk": 1, "fields": {"hospital": 3, "delivered_at": "2026-01-20T09:31:07.415Z", "note": ""}}, {"model": "supply.hospitaldelivery", "pk": 6, "fields": {"hospital": 5, "delivered_at": "2026-02-06T05:30:08.005Z", "note": "05.02.2026"}}, {"model": "supply.hospitaldelivery", "pk": 7, "fields": {"hospital": 1, "delivered_at": "2026-02-06T05:34:23.726Z", "note": "- 2 whitediff\r\n+ 10 cleaner\r\n- 2 Diluent\r\n+ 2 minoclear"}}, {"model": "supply.hospitaldelivery", "pk": 8, "fields": {"hospital": 2, "delivered_at": "2026-02-06T05:36:51.730Z", "note": "-3 whitedeff\r\n+21 cleaner \r\n- 3 delient \r\n+3 minoclear"}}, {"model": "supply.hospitaldelivery", "pk": 9, "fields": {"hospital": 4, "delivered_at": "2026-02-10T08:35:22.733Z", "note": "- 3 cleaner\r\n+ 3 minocler"}}, {"model": "supply.hospitaldeliveryitem", "pk": 1, "fields": {"delivery": 1, "reagent": 1, "quantity_packs": 5}}, {"model": "supply.hospitaldeliveryitem", "pk": 2, "fields": {"delivery": 1, "reagent": 2, "quantity_packs": 4}}, {"model": "supply.hospitaldeliveryitem", "pk": 3, "fields": {"delivery": 1, "reagent": 3, "quantity_packs": 12}}, {"model": "supply.hospitaldeliveryitem", "pk": 4, "fields": {"delivery": 1, "reagent": 4, "quantity_packs": 3}}, {"model": "supply.hospitaldeliveryitem", "pk": 10, "fields": {"delivery": 6, "reagent": 2, "quantity_packs": 1}}, {"model": "supply.hospitaldeliveryitem", "pk": 11, "fields": {"delivery": 6, "reagent": 1, "quantity_packs": 1}}, {"model": "supply.hospitaldeliveryitem", "pk": 12, "fields": {"delivery": 6, "reagent": 3, "quantity_packs": 1}}, {"model": "supply.hospitaldeliveryitem", "pk": 13, "fields": {"delivery": 6, "reagent": 4, "quantity_packs": 1}}, {"model": "supply.hospitaldeliveryitem", "pk": 14, "fields": {"delivery": 7, "reagent": 3, "quantity_packs": 10}}, {"model": "supply.hospitaldeliveryitem", "pk": 15, "fields": {"delivery": 7, "reagent": 4, "quantity_packs": 2}}, {"model": "supply.hospitaldeliveryitem", "pk": 16, "fields": {"delivery": 8, "reagent": 3, "quantity_packs": 21}}, {"model": "supply.hospitaldeliveryitem", "pk": 17, "fields": {"delivery": 8, "reagent": 4, "quantity_packs": 3}}, {"model": "supply.hospitaldeliveryitem", "pk": 18, "fields": {"delivery": 9, "reagent": 4, "quantity_packs": 3}}, {"model": "supply.consumptionrule", "pk": 1, "fields": {"reagent": 1, "ml_per_test": 29.0, "ml_per_wash": null, "washes_per_week": 0}}, {"model": "supply.consumptionrule", "pk": 2, "fields": {"reagent": 2, "ml_per_test": 1.48, "ml_per_wash": null, "washes_per_week": 0}}, {"model": "supply.consumptionrule", "pk": 3, "fields": {"reagent": 3, "ml_per_test": 1.48, "ml_per_wash": null, "washes_per_week": 0}}, {"model": "supply.consumptionrule", "pk": 4, "fields": {"reagent": 4, "ml_per_test": null, "ml_per_wash": 59.99, "washes_per_week": 0}}, {"model": "supply.consumptionprofile", "pk": 1, "fields": {"hospital": 3, "period_months": 3, "samples_per_day": 120, "diluent_qty": 16.0, "whitediff_qty": 16.0, "cleaner_qty": 16.0, "minoclair_qty": 1.0, "updated_at": "2026-01-20T10:38:43.467Z"}}, {"model": "supply.consumptionprofile", "pk": 2, "fields": {"hospital": 1, "period_months": 3, "samples_per_day": 90, "diluent_qty": 12.0, "whitediff_qty": 12.0, "cleaner_qty": 12.0, "minoclair_qty": 1.0, "updated_at": "2025-12-25T04:41:25.298Z"}}, {"model": "supply.consumptionprofile", "pk": 3, "fields": {"hospital": 2, "period_months": 3, "samples_per_day": 90, "diluent_qty": 12.0, "whitediff_qty": 12.0, "cleaner_qty": 12.0, "minoclair_qty": 12.0, "updated_at": "2026-01-20T10:38:30.044Z"}}, {"model": "supply.consumptionprofile", "pk": 4, "fields": {"hospital": 4, "period_months": 3, "samples_per_day": 60, "diluent_qty": 9.0, "whitediff_qty": 9.0, "cleaner_qty": 9.0, "minoclair_qty": 1.0, "updated_at": "2026-01-20T10:38:22.588Z"}}, {"model": "supply.consumptionprofile", "pk": 5, "fields": {"hospital": 5, "period_months": 3, "samples_per_day": 55, "diluent_qty": 8.0, "whitediff_qty": 8.0, "cleaner_qty": 8.0, "minoclair_qty": 1.0, "updated_at": "2026-01-27T07:42:13.124Z"}}]